8937497181,euvhb
4362180299,vykrm
7108348766,cvubr
1768815981,ybgpw
8806556617,olcwu
6314942110,ccoes
8877998134,helyi
1927086215,hbcig
4848818070,jsyvg
1886482330,yucoi
1074524860,rwdvv
6396284765,ikhiz
9902817044,uvndw
8543196123,pxegv
5582856817,ugrlz
4054649635,qwpcc
9101187518,flecs
8631217498,dbgia
8816645943,dpusx
8707363418,fksrq
4801264233,vtktw
7683871894,hdxjr
5892710921,twjbv
6385197071,ylrke
9604101983,beipr
3128552769,mhabs
3278425120,wbcdq
4862398702,ynfft
8573268899,kjqxv
7114333338,iwwni
6945107165,uzumi
2599075553,fqkmz
6211780641,ekapd
7433049319,nfabo
3310431091,cdrcd
2467214947,knxgx
8580742428,uympc
6649021320,rvwvl
5012436042,sgivw
6878285389,nfvwv
1866537312,akixb
9412591503,rlldb
7373801767,mihez
7816124094,rfyaa
8360915043,hclxx
3576627268,pndbn
3260490533,dqxua
3936745334,xkgzi
9375451297,zzevg
2899392452,nfvmh
5627211043,eydhr
2851577858,erres
5841037787,sjcrk
1986518628,juxxd
9596401862,ghtuf
5632881365,outzb
4465535539,rpwbe
5006625471,jpijr
6914987467,iaqot
5982110015,gotvm
1072430596,kvvxz
1053698816,xowfo
8875210177,eghgi
4180504990,xkngc
7201631389,wdnau
7812234373,poqoy
6889542386,vplik
6685742527,rfnck
3206306669,ljmlx
3382136111,oeamd
6883351825,msdrz
1675823192,qyyge
7553428469,ohnmy
3419197857,cwbbr
6157492408,cnrfk
3750550247,rocmb
8071104121,vbhrn
4602219874,ackxq
9086139444,nkyxr
5112494868,opumo
8108851577,qxafc
7602410803,ykanj
1054687865,agukc
4644948970,mqeni
1972158223,hjgsn
6797269575,rfkkn
3816494337,mrgtk
1751012105,clnsw
8119727055,nkypz
4835268992,xxjcn
3158792957,beewg
6378578011,gzxld
2001445615,jifsb
7539630106,ldwou
6043891778,rvdmi
9638358419,qqzwy
2226664271,ijzqk
9207390831,gavbe
1835856492,dsurn
1430014720,yvxac
6843138114,qjavm
3538562602,vkfpy
1527141229,janjl
7302526687,ueuuh
3851789938,ebgej
5522930541,tbgks
1221283285,rmiss
1091429211,lwgnh
1679752348,rlprb
5318833082,pmexo
8316929224,tbybh
7890229168,gkzcq
4300448267,qvoet
3981478787,fxsxf
9839780259,luwev
3360633309,tlrqp
3776522281,eupda
4534142956,nnbuh
8781993449,hrvak
9073607527,lxsmo
1548940574,kdeib
9566294556,zebwp
7644572082,grizd
4501130693,ffjbu
7296220312,agytx
3353369384,tuanu
6439732507,brxtf
1549311230,bvbnw
7404673807,tzuto
3998731909,lxjya
5976835042,uynye
5169571791,djjqo
4747890637,vehww
4938422152,vpmpa
9022804346,nobln
6536920937,qgtrw
4536338413,wgscs
5041425121,kgofh
7046059716,swhed
2190188501,thlrd
5393666116,ezqha
3303242715,admtq
1977519764,tiqdc
8438483926,nktfo
1911896271,webdh
4974427413,wnhcw
6590831178,jfkql
6917710729,ihaxi
5398050010,zyarr
7926471235,vtwty
6201384587,ijprn
1096418868,lwatf
5975157832,nczce
4519679179,bbpja
1396822627,mufrm
6920472312,ssjrw
2835325572,cjmxc
9728770979,prjss
8008033164,wszpb
4279201184,ymxar
7166834933,nybxf
8100039012,pfbrt
1095169142,jnqhi
4667262144,cpbxv
9378634204,xtldz
2506849668,svqwo
1400616935,poejb
8760437896,bsrvt
1791279878,nacqm
9394936465,oruii
7584832697,ruhiu
5487010509,uksub
5139275725,ygaww
6926267238,spzxc
2586112051,pdgtq
3778176525,switc
7482439973,gdqop
7073678184,nclql
7918384233,ncsjj
7584941415,krxts
2148821954,fpdbv
4550204581,mpjdu
1579185254,pvifl
5419880138,atxcy
5947154633,vcsfv
1314176686,unwul
5491761190,geseq
9682034296,mkesh
7181375699,cbcst
3169321040,cwgbd
3170674764,oiwsx
5216049408,vzmjc
9401606928,fupuo
6658948915,zarlb
3961934194,uoqlc
2245213090,kxsko
1264521445,qxjkq
5742775601,smknf
7776434403,unpxa
6933177441,yjuly
1475125151,xtmhw
6092755108,yjceo
7582668088,sytwa
5463701794,nxpzb
6018789666,dbuea
6674376445,dlhac
1005787219,zfhkm
9900227847,twhem
2101252398,stqxp
5030054853,ktvvz
1307621380,btxbm
6962490005,etclj
9232110037,omzve
4574311779,wrlta
2835048311,amziu
3726582921,dsghf
2179810825,djvgh
2851257790,wtnvx
2563647081,laoaf
3050782487,yzdyz
6239300457,wkxdf
3823688484,evmzp
2545797484,yqwxc
7079944245,wshwf
4398839905,fehhh
5183074564,fkjui
8415144107,lynia
6480665712,aopjf
7609261873,ibzgb
8521520655,npfrd
2530518079,lbzqg
6065165833,ueacm
3698164378,ewdvk
8306442452,sdyfe
6882669157,vgmjx
2024685552,qpvhi
5960476228,bglxn
4547370611,bmlrt
9451068169,jtphr
2881828744,xnnpa
1544029930,rjjcz
8191843056,otgoz
9299950890,mdieb
7375505591,ncfcd
7452322897,upxzs
4346617505,rqymk
9027998686,hupzb
1372204167,wlbmr
4853191486,fnlja
6323867892,dixyv
2874575148,qihjz
2476397203,bdowq
2553269148,aorvq
7855295953,lwbyb
3576544100,aladz
6465317372,fwksn
5165122930,jryvi
7013410222,bvxuf
4167405538,muqwv
1564099870,rcfjj
1226827980,saouh
7060032120,mqycp
2721198798,zhqby
6898718425,wllif
1004192661,ndkqm
3705981376,ljvtk
6533985922,xwqqm
1727788480,ykdmc
4123048731,kbobe
9898231673,ttnxg
7864937598,hqjro
3040479743,lukmb
9203762135,onoll
2803987930,rueop
1839845166,kkygo
9324047949,lleoj
1571033952,mwawm
9539482037,ddsxm
5697003331,fqvok
3005724911,oekxp
5096422719,ludon
4418785888,fzfpe
5001190302,gwbgb
5248685160,rvxzp
4527570728,pdypt
8708898660,jtbke
8226382243,hqdhr
8020806984,aarhj
4602006163,vkins
5079245177,bpcdh
7569674559,ertun
8712865080,qvewi
7389523386,hgrmr
6913422682,cxzbj
8337097811,tqtcz
9338486377,bfpfi
4419811239,oxdyb
7154890154,zqwev
3309487262,exebq
9686910062,infye
1028219486,fyugc
5463595175,zwltj
8910987313,vdoli
6519899926,irwwo
4851857236,yrwsl
6478012823,diqyt
5351530140,ibzki
2995789450,sgjiy
2155136960,hguxs
5312869330,laphz
7692650937,onzpa
7586258180,icvsm
3788636220,dikwt
2723238727,igclc
3969623721,jnbax
6130554126,mwpnq
1316280373,oqvva
6403929222,dqzgf
9616074269,txycr
8178442643,wvfbc
7900987276,ewykt
1590187420,iyquw
7199658916,fhmvs
2186703274,axwre
3810705047,bvyeg
8757615541,ignmf
7720711313,josav
7797564456,vcqxq
9564318666,wraeb
6986271691,mktpy
8108983431,okblo
9892144707,hwirk
3985938197,ounzy
9612545229,wvelr
1938265888,zuabs
5410393243,xccei
9535033084,forpk
5925342552,gudlc
1063975254,bhsup
9496049292,xwdpb
9664940069,lpujz
2114731331,gfmgg
2089886397,kunvw
8668470498,nmjls
4757947933,vhrzz
7719398060,qkwnw
3417749394,jlwkf
4438964944,lchmt
8260085780,dptsa
5341062654,gfost
6617527077,zjaxl
5395847301,kooue
2396188791,ocgjg
1219181468,qodjt
4251431662,cxebd
2277563240,zyamm
3767906702,agrcu
1462051210,creqd
6652753256,sqvgj
8415216706,tihhq
7891410203,qxvks
4412614008,vamxg
1219200943,vztgy
5971448026,hywzb
9404859728,pgiea
1891947938,voiug
6011129941,iqejd
7402707938,hnuvs
2366627024,nsjzu
7329385901,lsjun
8718542818,dueny
3881711670,xxgwk
8775069348,otqsk
6363122961,kjhje
5032821057,rzxjb
3003490243,jzdyc
7820893682,mbvcz
9778961872,yymgm
7277662654,olcyr
5193393347,jgwgd
4035510191,dlqqe
5594297550,ryyvj
4383455361,wzbpl
3562814522,raljh
5179432126,erruo
7644459707,ytoqg
4553003045,pknsy
8562333919,nnouq
1523613924,nlony
9403230606,ibqip
9657591185,xmgbo
9303217136,phdqp
3581297663,svmql
1275757862,tpsvi
5335312115,aymwi
9906748255,kkowe
5530504445,letuz
8366535582,mgwmm
5829733418,hgqwq
8187239106,jicik
5564735551,dsyia
4529496924,dxvyo
5841266587,fvtvv
6697154488,gazpe
2342739063,ooupg
7703835477,jekkq
5460070492,kidca
2667959643,ugsuy
1684689757,lcyfw
3482708680,qajud
4522525510,jgosv
8480300516,jvyws
2462416437,qnmgr
2605702878,enuoc
9416134979,iyxfz
6311437060,dplmw
2695891631,ogjsw
6580283360,fyasx
9789311740,funvc
8514067567,lxllt
2441626265,kclae
9386133012,taawv
9266755089,xpudy
3305884030,oruzu
8864242789,nlgee
8753538723,jazqe
3884498124,xtzae
7771222181,awpeq
3464513750,lhcau
4955959100,fioka
9973770693,eguhh
3484535392,cmnfj
2672443682,fgsso
9314134476,fkznn
6891929861,wppkq
2241477765,syciz
2405758851,aatgf
5697168329,ovswk
9752779828,azanq
7667347455,iorij
6379165119,qbpkv
5739865492,siktb
1143241448,iyiaq
6489083779,tzoku
5937582382,krkij
4151488492,njriq
8629676182,dbgwg
9434333538,vpahx
5177745371,pbyce
5532833075,ktfeg
6903492042,uabmt
3754687691,mizpr
6789042401,tzwyx
7235315064,ituzn
9653644731,pokfs
8818250193,flggi
5327567252,ppkue
1738409478,mxwgs
8323298668,pefkk
3340300998,klblc
5460072931,gkklj
7728165177,pxhdb
7888469570,llkdc
1397899998,ecypt
7949691788,cqhol
1207381169,jsdac
2512557420,yvxhe
3326223335,fkyce
6710059762,zxcxi
3080033820,mityo
1148675992,etftl
7154289762,acqym
9593211158,aokvz
2361769449,tolct
4516045473,qupga
7521046742,qgrnl
3920583698,cwjrc
6693503347,zthyc
2967562990,qbftp
2136450706,vmsjv
7093877801,puayd
2807483196,wdjal
6209038374,zkzsy
8615440899,fjydz
6667940330,dqjnp
8264515271,hghcr
7956397432,reayc
6455392977,mxgyq
5307834170,pazkv
9104556218,qlluj
6514675503,umgxx
8583212640,cdcph
5157553838,vjzje
3010529087,vweao
1285856203,cntbw
6847694005,jkhaa
2806959705,qdyfv
9149953195,igldb
1018348188,bnpao
4303335050,ksjmp
2294487980,jewtd
2251449527,kbara
1295282364,ctpwd
2946327542,nxgpt
5183411930,slxob
7363521133,fczcm
3682135802,mfjsq
6332963203,ochdn
4552383854,yyoya
5935757207,dlgbb
6323383347,jblwj
9259776150,niydw
7110594056,irjll
2418213945,fdkch
5768436014,tpvcn
9325400140,wmzqp
2443126878,vajzu
6899620428,lhpfc
9715535142,iusnn
1680442820,rvwyg
1651524624,cvgev
1484435200,bozhw
2469345979,xuqde
4911028597,xepyz
3572319110,wjpuh
5510532845,drbyp
4246035829,njpsx
1467155376,xudip
3970347346,hlwzy
4253498100,mxwgs
4986214708,ixxjw
5387853208,iufcr
7221490764,wrnuc
8717461860,agpul
4148000453,uilng
1858537404,hyxjo
5320048345,seavp
1546797506,frpfy
8527424980,epllt
7654643712,unsqx
9662820462,brpcd
6628391357,vsxrz
9113321979,nndkw
1486823660,dncfz
7504196831,zslsw
4470797829,szxsu
6724575188,eqcvf
9601322867,jnwwa
3129428054,slndw
7474928444,omxde
2737061042,ccrbo
6895359469,gfdyj
8017775536,zbbtm
8156379949,vkezx
2170251944,pymsz
3014708072,bwtgn
2963043766,apbvh
7623222786,hwruy
7297096731,igruh
9030677740,pgdya
1528471503,xsvej
3879902414,qmpsj
2606943238,qxbsg
7844626514,yzwae
5968537805,hfmac
3962131763,jhsbk
4166569536,nlckb
2672350558,ngogt
3915187708,pxggx
7932666237,tafgj
3688326836,efgat
1902409853,mhekj
8627025880,ftkvp
5217984602,mskyp
4053217523,binas
9355661166,alxhy
9951339968,txlor
5369653509,vmhcz
6923940147,zshdd
4914983728,pxwsb
2701280582,uaodp
6048087841,zbyms
5717088756,kbnhn
2081449374,cxsph
8690531221,udrxm
2334898798,vxgef
6765691829,kazjs
5157298469,hvhuj
6980200079,fswnw
7895020676,pliay
3441527506,nipjc
1782116130,nokmp
3827120242,kqwka
6647272532,ahryt
4173764353,logdg
7286246854,drogf
9234886876,oebqe
2036995155,hoetz
8420023370,igwek
9055247127,nquyd
5816450953,bxwwh
5584495001,fvudx
5279521299,yingy
9156510856,jmhre
6669383162,wbnyw
1179321239,pmslg
9708354610,rlfwq
2098546500,xvrcx
2937873099,mskse
2767096651,kyodj
7377245214,vhjrt
7035615563,lxumv
7304897877,vczit
1089161309,vznlx
1642156029,tnpga
3662044088,zydnp
7049703316,jftqk
8191381934,kqhug
3822001414,otdxh
1482645448,dojlf
2876933171,nykng
4374083663,kqkry
2858235977,fhwoq
1678251634,ngfzd
7932056109,spbce
1371797872,uguvu
2870840457,xibkv
6731692029,nybqv
7651537188,xpuvq
8731585374,tsqel
6691501745,uepbg
6507894763,vzyyg
2959916410,uzypz
5146275131,duenq
5643951147,sumkt
2831263111,anknh
3565016075,hdbun
4688265391,kymkl
8932682917,leezz
4546656865,fnkvs
6955298961,ldeqe
4236705960,lttbs
6489913704,bsiua
5139210841,jqxrq
2147706787,olnib
4108617249,moych
7127573748,aojkv
1126589829,snjog
8935183313,bvasr
9590522176,ujtzn
4042404961,nmcqc
7973829677,ykrsi
9721681115,zycxt
1055762123,qnqqx
1307527510,usnai
1379263235,etdww
1844437845,sgzup
2294848378,xojio
5393717518,ochzq
2900433240,akcqd
8037559683,hvbqa
4637344468,obpht
3353421515,uduam
6888566777,lusbu
8166734344,vznwn
2266336981,anwfe
2209823536,fqyix
5925382465,ezpkk
6673786803,mlydp
6145330356,rmkrc
6893014916,nmwvt
9561004999,fuaui
1484608553,lorza
8437108251,xsexu
5259361377,kwdbd
9519572802,yaljg
9890665059,avbch
7640435342,mywss
6097689782,xqijz
7411182839,uyila
3573653378,kzalc
8582831565,wpzkt
2672634408,rxeif
9138471269,yhvab
6836547086,tslxd
2972679352,xjjzn
9652871794,pboum
4048211045,ujdge
6374798635,hpgjh
2279529813,hglrw
4703983594,hbwgw
6478508348,jvzbi
7657427331,tflpb
6004539430,jssfr
2214487695,risit
4517307733,kqjfg
5301223751,axcnh
3388033252,caqhn
7284521456,jxrvu
6553130292,iashp
8365992606,blptk
4062377537,egzfg
4979696432,lirlu
9150862220,auufk
4383735180,gidfc
5801402959,isqhx
7321226946,lindv
5248630141,kufyd
4569320611,zifjn
8626831830,npvpt
4027227200,puqaw
7560327454,gftkk
5520397832,fxkyi
9371120412,ldhsz
2909132466,fkhev
2241936467,alutb
9804351419,vghuk
1764388347,pfwbh
4002777033,oewmk
7943024630,tsusm
2929167363,svmmc
2429850789,rzshd
7384048322,ybkmy
5998471484,ncbuo
8398458560,wgzup
5073213803,biops
7331435847,mhprn
5004899530,fsglt
2257057168,fpmkd
5469285233,rrvlb
9140524498,qbfjo
1335316247,zxqfs
5531887851,xqwaq
2253404662,lohrh
8197562369,syjaj
1107073448,lxsyq
2412953303,veaho
5192595530,xckne
4905301831,sewhe
1523900261,horue
7501238703,logqd
2894155348,jinqd
9394642198,utpla
2028048992,fbxky
8220702471,zmskg
6794834160,hoppt
6178433326,uojoz
1864976311,nxojp
1762092084,ismaw
1201532653,talbl
6416596166,gahji
3115829376,ctiid
4396312217,mnjvm
2642499807,qsxqs
6356271797,fmwxd
1736959161,gnprw
8162939575,gspnm
5935539229,kzuhe
4541416118,kdrnn
5240799301,ysiyu
3842580311,ghzdo
6565973769,zrjab
4858423414,ebsnu
6752500644,mjpen
4582382789,dkoog
2136208146,enmdl
4757568351,ejlck
8754503472,ptdla
7926636668,msrro
9335838421,icrmt
5527525551,bqztk
1651757771,cqmua
6758686554,dmxaz
5870543866,vxzif
7134247438,nzore
7338092798,jfpvm
8376094059,aopox
8269178656,wekjf
1938035053,kfede
4787980415,cclpe
7810501397,kugcv
6309218506,mlbmv
5660936501,kpuxb
5502037350,grwvz
8511704789,rrucq
5690172573,upceq
1914846929,vowkg
1196478607,zcngt
9730270474,tyehh
9115529907,adskq
5303675812,bnbur
4624833572,qmqqm
7345671521,nieqk
8233064102,jvpmo
7767492064,yxrmg
7670557611,sepvm
1964668251,evinr
6476776197,kmhrd
5563285793,hhnpo
8721153464,urere
3686034179,dztsd
8753382715,sxrfh
6987946854,iplgy
5582725542,yqckm
7496772071,orxxk
6134408006,apaom
1644890226,mqinl
9023974953,ngzmt
9304057132,aojju
9319200136,alvko
2380447503,hlygw
1865400401,nlkwh
7484607780,bmjzn
5226202051,fdymj
4413982790,jwmyk
4303419215,hczmc
3988165793,ipuop
7873322432,drvmm
3585320882,xtmfa
6631770034,ojzwc
9605164280,oombk
7296523424,ihluq
3152361059,yxbzc
2787147805,bpinm
9914845606,scwnk
8201352513,rrxdo
2183140812,lyrfa
6026629586,lbayh
5992344174,rawfh
8177404562,yssyz
5066922892,wyjhn
9165632114,edjuf
4263940308,auztx
2795799295,miuke
7381194280,mreew
9486504054,phwut
4586986719,rrofz
4502450088,oqvoc
2246346722,kaiaw
8930770797,mhgmy
2854578145,vyjhm
1941508415,jsjki
6374213029,fsnfd
7906756813,byqfj
2005594967,hldzr
4038670697,retmi
8510593873,nzxbx
7838468459,sjpqw
6256086390,vihrj
6424830159,bvogv
9383557596,bongq
9032788224,makcz
2724806987,dexdl
3014209535,xsmrq
5219800532,bhdxi
3305505299,yivpo
1431069832,bdreq
3969707272,ezlsc
2388673799,izkmf
8628738486,lqnsa
4734277979,ltwxl
8351889380,jqruo
5555850184,znmid
5323489283,fimsw
4864410680,pifbo
4577634630,pjiit
8066463458,utjxu
2927164507,kofbg
4053476517,lfpzv
8647050537,aiqnp
7587860959,bdltf
6032664074,hspum
2716852332,xauth
6556869715,qeilf
7629086246,oshrp
6805956976,vdovb
1904808461,nknns
8723460263,stsml
9525973425,ljnon
7406166776,tbuct
6492144896,sdrje
4844595921,fijgq
5827402104,nrwvg
1358610024,mfmrx
3725691786,jvohc
5435119561,mfpqz
7503576788,ymehs
1915932160,fnwqn
2622213498,vdmxk
4567582714,ctxwk
7078419805,mlxdh
8812812128,pqjkj
7003934417,jxqeo
3475953219,ppwyc
3793796943,fjejq
4960507319,xdrby
1751326056,jdkpv
7664815406,kkgqp
1182292392,tupqh
2739826409,yzcdw
2487078172,opjqx
8325508204,wdfyn
7199130144,crigu
8088128659,oabae
2126861163,famgo
6222622980,btmpq
8169545748,pwtty
2231173425,dxpwm
4517593365,stzdn
9852105370,jkzvj
2932578681,ennue
3680514056,pckeb
9077980639,krazi
6812602586,ujmnk
7772922095,unejr
1299572464,tkjoy
9138514030,bmtds
7304097369,bzjjx
8237200805,tifks
7568126913,xihqz
8363031935,fosrt
4758956585,hkxrs
8805419550,rzzth
1653883741,atxbb
6513236720,acxzx
2850941469,bdcmw
3389394173,yemet
7025523499,woixr
3255466641,qxcbc
9560566996,ejeji
4195969153,qwmbi
7366214601,gvxvx
8860252851,znocd
4519565988,yujfs
7566416799,cytoj
4185695060,vxfzm
1296876820,jkbsm
3329836375,hhvmg
3487718868,umloa
8947545953,qfurw
1761672991,tzubd
5447748176,kerqg
2149761326,mxuwc
7125395537,qbsxb
2227736300,tepen
1312135310,fxnkw
8999391764,vkpwz
2649625779,pgogl
5652682548,awvbw
1631063664,jrtlu
9981551732,eoflw
8812876698,ytysc
8747088441,fwhrq
1736758122,sowwm
5573541052,tmxwo
2550107254,igebe
6417033285,fbglk
6037319991,edzaj
5671874908,pwvmm
5729631516,pscbw
1166423299,xwxfz
9208984748,fhgxg
8051854344,kfvsa
1937395113,naaqd
2663876923,zyoeh
4599731448,fwzdu
4038934652,wkbjh
3171677154,ghgty
6284086284,rxsiu
6026150882,lqnhv
1079668369,ruhdx
1365972219,rfkux
3683648934,lnkti
1793480578,hxssa
8056571118,tseah
8734597303,yrazq
6565497017,fwgpt
3170594359,vuisk
8970153467,ychip
4595422652,esfcs
6911257385,xjbwm
3733471954,gjblx
6135617947,xjnft
6799589637,weese
6511684077,hoklx
3292169511,xrtem
9512898759,awdhn
9488400984,ccbib
1347971614,fnftc
2217815930,qccpd
9600312761,fpejx
7283554078,htaxf
9718532413,qfuvd
6406307567,fetph
5646572738,wuuhc
3998007279,aeiuu
3823667405,wjpmm
2212706352,kykrc
3393372843,oqxtl
9422354346,xpfaa
